{"created_at":"2017-09-22T10:54:38.873Z","updated_at":"2017-09-22T10:55:25.269Z","title":"Authors","uid":"authors","inbuilt_class":false,"schema":[{"display_name":"Title","uid":"title","data_type":"text","mandatory":true,"unique":true,"field_metadata":{"_default":true},"multiple":false},{"display_name":"URL","uid":"url","data_type":"text","mandatory":false,"field_metadata":{"_default":true},"multiple":false,"unique":false},{"data_type":"text","display_name":"First Name","uid":"first_name","field_metadata":{"description":"","default_value":""},"format":"","error_messages":{"format":""},"multiple":false,"mandatory":false,"unique":false},{"data_type":"text","display_name":"Last Name","uid":"last_name","field_metadata":{"description":"","default_value":""},"format":"","error_messages":{"format":""},"multiple":false,"mandatory":false,"unique":false}],"last_activity":{"environments":[{"uid":"bltac34cceb74f4c9d4","details":[{"locale":"en-us","time":"2017-09-29T06:44:57.047Z"}]}]},"maintain_revisions":true,"description":"List of Authors","options":{"is_page":true,"singleton":false,"title":"title","sub_title":[],"url_pattern":"/:title","url_prefix":"/"},"abilities":{"get_one_object":true,"get_all_objects":true,"create_object":true,"update_object":true,"delete_object":true,"delete_all_objects":true},"DEFAULT_ACL":{"others":{"read":false,"create":false}}}