{"created_at":"2017-09-26T12:06:47.315Z","updated_at":"2017-09-26T12:08:39.560Z","title":"Footer","uid":"footer","inbuilt_class":false,"schema":[{"display_name":"Title","uid":"title","data_type":"text","mandatory":true,"unique":true,"field_metadata":{"_default":true},"multiple":false},{"data_type":"group","display_name":"Footer Navigation","field_metadata":{},"schema":[{"data_type":"text","display_name":"Title","uid":"title","field_metadata":{"description":"","default_value":"","isTitle":true},"format":"","error_messages":{"format":""},"multiple":false,"mandatory":false,"unique":false},{"data_type":"text","display_name":"Link","uid":"link","field_metadata":{"description":"","default_value":""},"format":"","error_messages":{"format":""},"multiple":false,"mandatory":false,"unique":false}],"uid":"footer_navigation","multiple":true,"mandatory":false,"unique":false},{"data_type":"text","display_name":"Copyright","uid":"copyright","field_metadata":{"description":"","default_value":"","multiline":true},"format":"","error_messages":{"format":""},"multiple":false,"mandatory":false,"unique":false}],"last_activity":{"environments":[{"uid":"bltac34cceb74f4c9d4","details":[{"locale":"en-us","time":"2017-09-26T12:10:50.997Z"}]}]},"maintain_revisions":true,"description":"","options":{"is_page":false,"singleton":true,"title":"title","sub_title":[]},"abilities":{"get_one_object":true,"get_all_objects":true,"create_object":true,"update_object":true,"delete_object":true,"delete_all_objects":true},"DEFAULT_ACL":{"others":{"read":false,"create":false}}}