{"created_at":"2017-09-25T13:27:58.560Z","updated_at":"2017-09-25T13:28:17.068Z","title":"Header","uid":"header","inbuilt_class":false,"schema":[{"display_name":"Title","uid":"title","data_type":"text","mandatory":true,"unique":true,"field_metadata":{"_default":true},"multiple":false},{"data_type":"file","display_name":"Logo","uid":"logo","extensions":[],"field_metadata":{"description":"","rich_text_type":"standard"},"multiple":false,"mandatory":false,"unique":false}],"last_activity":{"environments":[{"uid":"bltac34cceb74f4c9d4","details":[{"locale":"en-us","time":"2017-09-25T13:29:35.017Z"}]}]},"maintain_revisions":true,"description":"Site Logo and Header Navigation","options":{"is_page":false,"singleton":true,"title":"title","sub_title":[]},"abilities":{"get_one_object":true,"get_all_objects":true,"create_object":true,"update_object":true,"delete_object":true,"delete_all_objects":true},"DEFAULT_ACL":{"others":{"read":false,"create":false}}}