{"created_at":"2017-09-22T10:48:53.630Z","updated_at":"2017-09-29T12:13:55.802Z","title":"Posts","uid":"posts","inbuilt_class":false,"schema":[{"display_name":"Title","uid":"title","data_type":"text","mandatory":true,"unique":true,"field_metadata":{"_default":true},"multiple":false},{"display_name":"URL","uid":"url","data_type":"text","mandatory":false,"field_metadata":{"_default":true},"multiple":false,"unique":false},{"data_type":"reference","display_name":"Author","reference_to":"authors","field_metadata":{"ref_multiple":false},"uid":"author","multiple":false,"mandatory":false,"unique":false},{"data_type":"isodate","display_name":"Date","uid":"date","startDate":null,"endDate":null,"field_metadata":{"description":"","default_value":""},"multiple":false,"mandatory":false,"unique":false},{"data_type":"file","display_name":"Featured Image","uid":"featured_image","extensions":[],"field_metadata":{"description":"","rich_text_type":"standard"},"multiple":false,"mandatory":false,"unique":false},{"data_type":"text","display_name":"Short Description","uid":"short_description","field_metadata":{"description":"","default_value":"","multiline":true},"format":"","error_messages":{"format":""},"multiple":false,"mandatory":false,"unique":false},{"data_type":"text","display_name":"Full Description","uid":"full_description","field_metadata":{"allow_rich_text":true,"description":"","multiline":false,"rich_text_type":"advanced"},"multiple":false,"mandatory":false,"unique":false}],"last_activity":{"environments":[{"uid":"bltac34cceb74f4c9d4","details":[{"locale":"en-us","time":"2017-10-11T06:17:43.477Z"}]}]},"maintain_revisions":true,"description":"List of posts","options":{"is_page":true,"singleton":false,"title":"title","sub_title":[],"url_pattern":"/:title","url_prefix":"/"},"abilities":{"get_one_object":true,"get_all_objects":true,"create_object":true,"update_object":true,"delete_object":true,"delete_all_objects":true},"DEFAULT_ACL":{"others":{"read":false,"create":false}}}